{
    "mAP/frameAP": 0.00378,
    "mAP/v_map@0.2": 0.00324,
    "mAP/v_map@0.5": 0.0,
    "mAP/v_map_0.05:0.45": 0.0318,
    "mAP/v_map_0.10:0.90": 0.00864,
    "mAP/v_map_0.50:0.95": 0.0,
    "data_time": 0.0020043133737376886,
    "time": 0.03272534890257326
}