{
    "mAP/frameAP": 0.0034799999999999996,
    "mAP/v_map@0.2": 0.026600000000000002,
    "mAP/v_map@0.5": 0.0,
    "mAP/v_map_0.05:0.45": 0.046099999999999995,
    "mAP/v_map_0.10:0.90": 0.01616,
    "mAP/v_map_0.50:0.95": 0.0,
    "data_time": 0.0036277152804537758,
    "time": 0.0722033485788904
}